id,revenue
3001,10744890.0
3002,-191443.61
3003,15696144.0
3004,52611016.0
3005,-8376934.5
3006,12895514.0
3007,17127602.0
3008,54592236.0
3009,29261890.0
3010,343566750.0
3011,-9026542.0
3012,17665490.0
3013,50697684.0
3014,7445390.5
3015,30103692.0
3016,7292114.5
3017,148285390.0
3018,115303490.0
3019,48340572.0
3020,768254140.0
3021,33871820.0
3022,70558890.0
3023,-4719841.0
3024,13640770.0
3025,-185219.73
3026,110016830.0
3027,-15196778.0
3028,131005270.0
3029,27369334.0
3030,62072500.0
3031,9076040.0
3032,-1428849.5
3033,-9279950.0
3034,-3090565.8
3035,52425456.0
3036,27037462.0
3037,72949280.0
3038,5779486.5
3039,21913766.0
3040,2116881.8
3041,19841624.0
3042,1130925.1
3043,20653124.0
3044,18255396.0
3045,629151000.0
3046,-4793569.5
3047,31956086.0
3048,35051304.0
3049,42276260.0
3050,43361650.0
3051,1537416.0
3052,9744318.0
3053,2801197.0
3054,-5572962.5
3055,79591350.0
3056,-6374487.0
3057,61772270.0
3058,608912700.0
3059,22970748.0
3060,118024980.0
3061,50950450.0
3062,17801354.0
3063,78475200.0
3064,171500670.0
3065,38349412.0
3066,73253020.0
3067,745185.75
3068,82659820.0
3069,193703790.0
3070,6005820.5
3071,6782068.0
3072,722837900.0
3073,8394670.0
3074,3969856.5
3075,62113710.0
3076,313435170.0
3077,51779720.0
3078,206281340.0
3079,47935244.0
3080,137237200.0
3081,13582122.0
3082,33995320.0
3083,25612508.0
3084,-6406602.5
3085,38440516.0
3086,95659210.0
3087,8429340.0
3088,-1974567.0
3089,-8520322.0
3090,43279184.0
3091,-6388842.5
3092,5311442.5
3093,206480160.0
3094,72212970.0
3095,55875030.0
3096,-1868844.2
3097,861280400.0
3098,39833790.0
3099,107697710.0
3100,-2093001.8
3101,36263380.0
3102,10381456.0
3103,11529876.0
3104,-783190.94
3105,90478340.0
3106,139932080.0
3107,68626184.0
3108,25658052.0
3109,11718346.0
3110,420517470.0
3111,21326188.0
3112,-7296985.0
3113,4540202.0
3114,54271716.0
3115,25142342.0
3116,17400294.0
3117,2494848.5
3118,20009574.0
3119,193724270.0
3120,135204940.0
3121,4117199.2
3122,15442448.0
3123,50106080.0
3124,-5703850.5
3125,-3512016.2
3126,53187050.0
3127,5151520.0
3128,59825090.0
3129,294918620.0
3130,24689418.0
3131,-13720936.0
3132,3867812.8
3133,15369876.0
3134,8644934.0
3135,19090432.0
3136,10956052.0
3137,120160920.0
3138,-3144459.5
3139,31617382.0
3140,128055820.0
3141,14540184.0
3142,12903706.0
3143,188088960.0
3144,21728246.0
3145,55942244.0
3146,567062.4
3147,51588656.0
3148,11633820.0
3149,119078296.0
3150,143164290.0
3151,21207584.0
3152,21349446.0
3153,-790478.1
3154,10710234.0
3155,60845624.0
3156,27494794.0
3157,59474256.0
3158,119775720.0
3159,21291106.0
3160,21415266.0
3161,-6470633.0
3162,7181797.5
3163,149064510.0
3164,-3911678.0
3165,-13294290.0
3166,9745096.0
3167,77390810.0
3168,19756500.0
3169,55726920.0
3170,55350436.0
3171,96939410.0
3172,59176080.0
3173,-651391.56
3174,4184165.5
3175,8175586.0
3176,62956812.0
3177,104730660.0
3178,4533108.0
3179,14147040.0
3180,20888020.0
3181,-8313978.0
3182,273211420.0
3183,53091092.0
3184,59543084.0
3185,101296090.0
3186,95087704.0
3187,27354840.0
3188,14733684.0
3189,89408936.0
3190,57820840.0
3191,43924690.0
3192,2365221.8
3193,424687300.0
3194,85541970.0
3195,5925165.5
3196,-10943274.0
3197,-34523120.0
3198,284713380.0
3199,310378180.0
3200,16082084.0
3201,13469478.0
3202,14959008.0
3203,701206.25
3204,2086654.2
3205,-11854758.0
3206,52412310.0
3207,67820410.0
3208,5029621.0
3209,-325165.47
3210,697987460.0
3211,-3491192.5
3212,13741364.0
3213,83716504.0
3214,13834142.0
3215,-739463.3
3216,4632193.5
3217,526501250.0
3218,38092604.0
3219,-6659460.0
3220,227350670.0
3221,16619356.0
3222,-497710.72
3223,46129972.0
3224,25226038.0
3225,3028113.0
3226,1027026.0
3227,61225744.0
3228,226749020.0
3229,226289420.0
3230,52225840.0
3231,41799532.0
3232,23255098.0
3233,16478222.0
3234,27790772.0
3235,40632292.0
3236,468055.66
3237,8088955.0
3238,15054388.0
3239,21640616.0
3240,406178620.0
3241,-8082806.0
3242,20306962.0
3243,26619.291
3244,3597161.0
3245,25882640.0
3246,28341794.0
3247,19350268.0
3248,98192460.0
3249,56938532.0
3250,371225280.0
3251,2044784.4
3252,53358240.0
3253,101574904.0
3254,-7110512.5
3255,560965.75
3256,68247544.0
3257,48027570.0
3258,43744276.0
3259,75074940.0
3260,11069390.0
3261,661355100.0
3262,114728570.0
3263,2804085.2
3264,12636618.0
3265,-2622314.8
3266,14569154.0
3267,65455904.0
3268,636084.7
3269,49606900.0
3270,120336860.0
3271,9776850.0
3272,19026592.0
3273,7928249.0
3274,530991460.0
3275,49724396.0
3276,37333.145
3277,62444590.0
3278,98328550.0
3279,30747298.0
3280,447468480.0
3281,7888381.0
3282,861339.9
3283,354438660.0
3284,50180204.0
3285,85109620.0
3286,-5629941.5
3287,27527710.0
3288,14961726.0
3289,53344744.0
3290,71171770.0
3291,101323410.0
3292,473260960.0
3293,84959800.0
3294,2455667.5
3295,18140792.0
3296,-8442572.0
3297,11333764.0
3298,50132616.0
3299,11105868.0
3300,49516956.0
3301,4458927.0
3302,36701944.0
3303,1663371.9
3304,44982172.0
3305,83992680.0
3306,16798048.0
3307,6974078.0
3308,13395730.0
3309,-502746.5
3310,-494235.94
3311,16668266.0
3312,23291550.0
3313,74948580.0
3314,26328846.0
3315,151133340.0
3316,29870706.0
3317,3641760.0
3318,3783432.5
3319,-6550419.0
3320,19506732.0
3321,11589080.0
3322,28032214.0
3323,124420670.0
3324,18946490.0
3325,128130340.0
3326,235360220.0
3327,74659440.0
3328,54256524.0
3329,21062232.0
3330,132454180.0
3331,18667838.0
3332,128429970.0
3333,272369920.0
3334,32725810.0
3335,31931350.0
3336,31644748.0
3337,-8647530.0
3338,21986532.0
3339,6584662.5
3340,68408140.0
3341,36217896.0
3342,65309436.0
3343,44198424.0
3344,2479369.0
3345,13495292.0
3346,33100936.0
3347,8797722.0
3348,42422010.0
3349,76633540.0
3350,309924320.0
3351,67438300.0
3352,22095350.0
3353,92949096.0
3354,19329722.0
3355,-1904467.6
3356,6943359.0
3357,-2408465.2
3358,13527802.0
3359,29913456.0
3360,3407652.5
3361,105881660.0
3362,13665790.0
3363,21996762.0
3364,9941170.0
3365,1887340.6
3366,75957340.0
3367,104640510.0
3368,2636180.0
3369,70600650.0
3370,92970264.0
3371,51791544.0
3372,90972830.0
3373,132126610.0
3374,12251054.0
3375,62799292.0
3376,35030588.0
3377,8716188.0
3378,7373103.5
3379,143722480.0
3380,43401852.0
3381,9936720.0
3382,90809.51
3383,558078.25
3384,20700000.0
3385,86627790.0
3386,12589238.0
3387,8925794.0
3388,81537390.0
3389,1044379140.0
3390,14482476.0
3391,29230010.0
3392,19865880.0
3393,26307990.0
3394,135847790.0
3395,198211650.0
3396,17137918.0
3397,-10244318.0
3398,275555260.0
3399,46601450.0
3400,18019756.0
3401,17918566.0
3402,-441806.4
3403,154549120.0
3404,19317474.0
3405,34731916.0
3406,328209570.0
3407,287981950.0
3408,40428516.0
3409,39862010.0
3410,42505092.0
3411,67043030.0
3412,30346560.0
3413,61975460.0
3414,2329607.2
3415,53054684.0
3416,287629100.0
3417,64472244.0
3418,79711940.0
3419,358692100.0
3420,1307419.9
3421,26099884.0
3422,49160290.0
3423,440111940.0
3424,13938248.0
3425,3588736.2
3426,20684780.0
3427,35068344.0
3428,-12074956.0
3429,23121464.0
3430,985524300.0
3431,6356859.0
3432,-5127434.0
3433,68877100.0
3434,25169520.0
3435,460794100.0
3436,133770800.0
3437,12039072.0
3438,32922288.0
3439,101400136.0
3440,79362344.0
3441,108071920.0
3442,-4218546.5
3443,9931504.0
3444,-1253498.5
3445,98509840.0
3446,-8039949.5
3447,-4990827.5
3448,30319734.0
3449,17128460.0
3450,92037896.0
3451,68472136.0
3452,35455020.0
3453,82470410.0
3454,47907748.0
3455,-499231.12
3456,138578080.0
3457,105146470.0
3458,26332450.0
3459,930460500.0
3460,34492280.0
3461,12335718.0
3462,50983700.0
3463,57529364.0
3464,5916318.5
3465,38835200.0
3466,31663268.0
3467,13061470.0
3468,121131576.0
3469,-2036049.1
3470,-6836384.0
3471,44088668.0
3472,-5813091.0
3473,53556804.0
3474,118024940.0
3475,242288930.0
3476,6654991.5
3477,46312364.0
3478,14723752.0
3479,217308720.0
3480,-6750086.5
3481,1258140.4
3482,27916794.0
3483,25431196.0
3484,-5544921.5
3485,94422350.0
3486,132773370.0
3487,92191736.0
3488,213583260.0
3489,-5497429.0
3490,36031652.0
3491,45553404.0
3492,-29362302.0
3493,43884990.0
3494,10967220.0
3495,137355760.0
3496,7709662.5
3497,68530184.0
3498,107282920.0
3499,70684880.0
3500,-18587324.0
3501,127032280.0
3502,44094336.0
3503,30942264.0
3504,38514012.0
3505,-9104432.0
3506,50211536.0
3507,332474620.0
3508,23679428.0
3509,41710516.0
3510,29636246.0
3511,103856536.0
3512,233878740.0
3513,57707816.0
3514,23508392.0
3515,24485300.0
3516,32874298.0
3517,926598000.0
3518,55107330.0
3519,28661440.0
3520,45770556.0
3521,6122383.5
3522,9646518.0
3523,34240864.0
3524,38562536.0
3525,97238150.0
3526,40047530.0
3527,37715828.0
3528,-7742589.0
3529,566126500.0
3530,68856660.0
3531,94076350.0
3532,183796580.0
3533,26718694.0
3534,69288290.0
3535,209846780.0
3536,12229556.0
3537,96158880.0
3538,118714970.0
3539,84886984.0
3540,71876190.0
3541,26988264.0
3542,61679896.0
3543,1364742.5
3544,41545216.0
3545,1798980.5
3546,13369474.0
3547,139199540.0
3548,548036300.0
3549,1792789.9
3550,407712160.0
3551,96638370.0
3552,43810184.0
3553,113462230.0
3554,196081500.0
3555,213915230.0
3556,4861721.0
3557,20058986.0
3558,243145120.0
3559,82365416.0
3560,29556254.0
3561,93294616.0
3562,7229976.5
3563,33356018.0
3564,-755665.0
3565,8230364.0
3566,129176424.0
3567,34934990.0
3568,9629396.0
3569,97535800.0
3570,3233107.8
3571,83160300.0
3572,145211500.0
3573,895380.75
3574,79171310.0
3575,7278238.5
3576,65455656.0
3577,8329168.5
3578,117128120.0
3579,36961780.0
3580,26799304.0
3581,48689880.0
3582,104664936.0
3583,565401.94
3584,-828913.25
3585,62083916.0
3586,25154878.0
3587,3916352.8
3588,16113350.0
3589,66384040.0
3590,24959916.0
3591,577783550.0
3592,53304108.0
3593,6469328.5
3594,13651132.0
3595,45260940.0
3596,36834172.0
3597,14965246.0
3598,64957830.0
3599,8407210.0
3600,12955386.0
3601,-286412.7
3602,-4937269.5
3603,36239440.0
3604,6302485.0
3605,61587750.0
3606,5452372.5
3607,72359750.0
3608,166860780.0
3609,23099208.0
3610,49392720.0
3611,-9558290.0
3612,40023264.0
3613,13852688.0
3614,130509500.0
3615,68413650.0
3616,30739430.0
3617,18400582.0
3618,134400140.0
3619,30366630.0
3620,94020980.0
3621,345135600.0
3622,391299940.0
3623,70039030.0
3624,-111025.46
3625,-4394125.5
3626,41357490.0
3627,39680484.0
3628,518828900.0
3629,4984626.5
3630,14407700.0
3631,93464380.0
3632,35069750.0
3633,62963936.0
3634,49538880.0
3635,2133692.2
3636,61824124.0
3637,2439260.2
3638,42972730.0
3639,121075510.0
3640,321291200.0
3641,15675392.0
3642,2487116.8
3643,25947302.0
3644,11346854.0
3645,31960414.0
3646,9040506.0
3647,39026396.0
3648,3755876.0
3649,23368076.0
3650,40814590.0
3651,745881340.0
3652,16868330.0
3653,172991520.0
3654,2341396.0
3655,51228530.0
3656,48231204.0
3657,1474106.8
3658,4758195.5
3659,125099896.0
3660,285000900.0
3661,25505706.0
3662,31151788.0
3663,484256900.0
3664,-2555002.0
3665,-1491410.1
3666,13570706.0
3667,181618420.0
3668,48406496.0
3669,17715218.0
3670,43663184.0
3671,18626032.0
3672,14416050.0
3673,150394940.0
3674,20311302.0
3675,395021980.0
3676,247019400.0
3677,5286928.5
3678,21423232.0
3679,82543700.0
3680,7545360.0
3681,28777146.0
3682,173128370.0
3683,4239645.0
3684,89619950.0
3685,124756630.0
3686,40575290.0
3687,220621650.0
3688,15643154.0
3689,14976450.0
3690,98679750.0
3691,-1735252.0
3692,-3867263.0
3693,120844620.0
3694,131729336.0
3695,100970340.0
3696,52500372.0
3697,25545316.0
3698,72007610.0
3699,38283852.0
3700,22745360.0
3701,88838580.0
3702,-6880764.0
3703,71963660.0
3704,49070456.0
3705,35890860.0
3706,89163350.0
3707,15669544.0
3708,20911618.0
3709,356932700.0
3710,12508966.0
3711,2029446.8
3712,49112230.0
3713,19848898.0
3714,1953767.4
3715,13200420.0
3716,11661570.0
3717,1100495.4
3718,21822660.0
3719,31881088.0
3720,27235460.0
3721,6071066.0
3722,16935058.0
3723,-14698496.0
3724,8726362.0
3725,34236710.0
3726,22758286.0
3727,134543600.0
3728,291489540.0
3729,15353906.0
3730,142946530.0
3731,154520770.0
3732,-2410713.5
3733,287192930.0
3734,479894600.0
3735,44444036.0
3736,16404100.0
3737,-6674532.5
3738,15416512.0
3739,15502580.0
3740,41449896.0
3741,-3805430.0
3742,64437030.0
3743,24465038.0
3744,177837470.0
3745,61412500.0
3746,267896770.0
3747,-7844087.0
3748,16868126.0
3749,8526156.0
3750,-3968937.2
3751,14690382.0
3752,1036336.44
3753,16958116.0
3754,58213270.0
3755,129190130.0
3756,68210460.0
3757,363449800.0
3758,165633660.0
3759,28868318.0
3760,142755440.0
3761,101388810.0
3762,362986700.0
3763,47999964.0
3764,34433616.0
3765,4677034.0
3766,11932698.0
3767,51408572.0
3768,20950000.0
3769,5192282.0
3770,14810382.0
3771,42308076.0
3772,20396338.0
3773,40782824.0
3774,-30211.717
3775,173602030.0
3776,83026530.0
3777,-395724.62
3778,-7289332.0
3779,21275482.0
3780,9220020.0
3781,53533376.0
3782,8696440.0
3783,53565044.0
3784,18760972.0
3785,252181390.0
3786,24408048.0
3787,178948820.0
3788,635829800.0
3789,462933.47
3790,25449532.0
3791,7160636.5
3792,-1324150.4
3793,5162045.5
3794,6996893.5
3795,697257000.0
3796,25792552.0
3797,21354386.0
3798,68328936.0
3799,3670130.2
3800,6185352.5
3801,71033120.0
3802,10962284.0
3803,15945104.0
3804,904294.06
3805,34401588.0
3806,114112216.0
3807,3236639.8
3808,2236244.5
3809,40785760.0
3810,14202182.0
3811,21783696.0
3812,7710317.0
3813,8402312.0
3814,19584220.0
3815,57239820.0
3816,183251840.0
3817,229342700.0
3818,54652756.0
3819,39671204.0
3820,69995760.0
3821,87628600.0
3822,32102240.0
3823,20311404.0
3824,33318166.0
3825,39134316.0
3826,117130050.0
3827,99875310.0
3828,11494602.0
3829,-940261.4
3830,63908644.0
3831,1975245.5
3832,214648480.0
3833,44838964.0
3834,22075806.0
3835,8013671.5
3836,3227108.8
3837,65736440.0
3838,21390294.0
3839,17724426.0
3840,76423480.0
3841,33599740.0
3842,13726866.0
3843,51196964.0
3844,-274586.28
3845,-4118546.5
3846,-3038653.8
3847,-1249835.1
3848,-14735020.0
3849,121622730.0
3850,-4236259.0
3851,54489736.0
3852,6693125.0
3853,190658610.0
3854,16124516.0
3855,10155184.0
3856,31644138.0
3857,713048060.0
3858,331479.06
3859,14806546.0
3860,28077222.0
3861,88880904.0
3862,18345824.0
3863,55691150.0
3864,33713460.0
3865,103495500.0
3866,7879066.5
3867,129374856.0
3868,-2941246.8
3869,73619576.0
3870,109768616.0
3871,689530750.0
3872,118798730.0
3873,45386870.0
3874,-15892784.0
3875,95316300.0
3876,1801556.4
3877,74204040.0
3878,248433230.0
3879,522199230.0
3880,17822816.0
3881,12091534.0
3882,10327498.0
3883,4533181.0
3884,298581570.0
3885,39878516.0
3886,44234932.0
3887,4623484.5
3888,-346863.53
3889,43433060.0
3890,181807280.0
3891,35055136.0
3892,13425332.0
3893,589610600.0
3894,61794656.0
3895,116893750.0
3896,42437510.0
3897,14279670.0
3898,41573640.0
3899,652312200.0
3900,106508800.0
3901,17699544.0
3902,17805998.0
3903,-793908.8
3904,14595756.0
3905,35815076.0
3906,107600650.0
3907,7311672.0
3908,21169580.0
3909,2018011.2
3910,-5931541.5
3911,39939.094
3912,20332720.0
3913,104143304.0
3914,37867620.0
3915,353913120.0
3916,12095860.0
3917,6549457.5
3918,22027392.0
3919,66565540.0
3920,63025428.0
3921,963282.1
3922,61929210.0
3923,65396572.0
3924,49847440.0
3925,348526620.0
3926,-4796529.5
3927,93255064.0
3928,115378344.0
3929,90399180.0
3930,15242680.0
3931,2506510.2
3932,12206922.0
3933,39531308.0
3934,60074410.0
3935,-2788717.8
3936,30688418.0
3937,125755670.0
3938,14822588.0
3939,28272118.0
3940,45782492.0
3941,65892750.0
3942,294719460.0
3943,1184295400.0
3944,3822471.8
3945,47520080.0
3946,-497437.4
3947,103348550.0
3948,31863820.0
3949,8920546.0
3950,14219138.0
3951,7496041.5
3952,77027496.0
3953,61230196.0
3954,563895900.0
3955,5143392.0
3956,44719860.0
3957,19374440.0
3958,14190088.0
3959,-48049.18
3960,25118372.0
3961,51865970.0
3962,4183525.5
3963,38472828.0
3964,891331900.0
3965,119962780.0
3966,11806606.0
3967,384662530.0
3968,28391140.0
3969,2604519.0
3970,52046110.0
3971,23946586.0
3972,4599031.5
3973,37158404.0
3974,11098754.0
3975,170976980.0
3976,83215620.0
3977,101861980.0
3978,240615070.0
3979,15944060.0
3980,-9884524.0
3981,-971052.3
3982,6790439.0
3983,1663081.5
3984,-17185268.0
3985,26558118.0
3986,964600000.0
3987,86288360.0
3988,31766562.0
3989,92869040.0
3990,51032600.0
3991,-58047.25
3992,3613935.5
3993,25950196.0
3994,38948332.0
3995,43981356.0
3996,79083800.0
3997,10674502.0
3998,123196344.0
3999,21455230.0
4000,41220344.0
4001,48889016.0
4002,331258340.0
4003,11687952.0
4004,77665710.0
4005,4469684.0
4006,89108560.0
4007,2915401.0
4008,13519160.0
4009,54286588.0
4010,4021810.5
4011,13884460.0
4012,183376980.0
4013,129898470.0
4014,11121710.0
4015,75283210.0
4016,16507490.0
4017,-7277414.5
4018,44789668.0
4019,284479780.0
4020,10469264.0
4021,152831500.0
4022,14153414.0
4023,231609090.0
4024,68292700.0
4025,5131187.5
4026,113015970.0
4027,70517290.0
4028,-5840887.5
4029,-3454820.2
4030,39927004.0
4031,69037220.0
4032,4651835.5
4033,13431624.0
4034,-13478070.0
4035,48077650.0
4036,-4065232.8
4037,37321160.0
4038,-11958064.0
4039,10197396.0
4040,8512864.0
4041,8170407.5
4042,50806480.0
4043,-4536728.0
4044,70240190.0
4045,167717400.0
4046,49007824.0
4047,666246660.0
4048,25246184.0
4049,-35033.773
4050,-2696627.2
4051,625637300.0
4052,28209302.0
4053,12028094.0
4054,216586.3
4055,23680074.0
4056,31303586.0
4057,2829358.2
4058,59306956.0
4059,14607342.0
4060,69324520.0
4061,199381060.0
4062,43623140.0
4063,31992180.0
4064,667117630.0
4065,102894536.0
4066,6823430.0
4067,41776550.0
4068,10678392.0
4069,29432556.0
4070,56855424.0
4071,18238678.0
4072,12157652.0
4073,145833620.0
4074,-987079.94
4075,38455640.0
4076,78854390.0
4077,360636480.0
4078,-5875172.5
4079,98569336.0
4080,12423624.0
4081,23126336.0
4082,159281520.0
4083,54545536.0
4084,2251170.5
4085,64730644.0
4086,132737944.0
4087,28337548.0
4088,36167420.0
4089,42809384.0
4090,-1174624.6
4091,96999464.0
4092,62786070.0
4093,9834786.0
4094,19462928.0
4095,191989070.0
4096,14078546.0
4097,67190420.0
4098,14678594.0
4099,26967566.0
4100,55780070.0
4101,47336628.0
4102,24593746.0
4103,14616904.0
4104,6348386.5
4105,88728.87
4106,19230038.0
4107,1660526.5
4108,60178024.0
4109,7082158.5
4110,16507186.0
4111,1411128.5
4112,40176230.0
4113,2409484.2
4114,445665200.0
4115,13849396.0
4116,41450864.0
4117,-5678923.0
4118,57645640.0
4119,48002056.0
4120,-9786160.0
4121,11392932.0
4122,206769940.0
4123,17534088.0
4124,64013076.0
4125,21797536.0
4126,23167978.0
4127,12970542.0
4128,31044334.0
4129,28963938.0
4130,23720626.0
4131,102913896.0
4132,102487730.0
4133,37815770.0
4134,10988928.0
4135,20776270.0
4136,682333500.0
4137,16095472.0
4138,68471290.0
4139,9427428.0
4140,10223512.0
4141,23264646.0
4142,63894332.0
4143,66993360.0
4144,3694724.2
4145,61101044.0
4146,8175110.0
4147,7500403.0
4148,51090644.0
4149,-8903640.0
4150,5678980.0
4151,13476626.0
4152,9947126.0
4153,49949304.0
4154,2878755.5
4155,14786358.0
4156,553014.4
4157,10689090.0
4158,40866092.0
4159,68997520.0
4160,487295580.0
4161,21363324.0
4162,48159204.0
4163,147695000.0
4164,8166715.0
4165,8527296.0
4166,-5345517.0
4167,119386660.0
4168,7686894.5
4169,20935896.0
4170,-9687230.0
4171,182755760.0
4172,64942664.0
4173,-646446.5
4174,-564256.7
4175,10634208.0
4176,85820376.0
4177,-5332689.5
4178,538104700.0
4179,-3000080.8
4180,186897730.0
4181,38571996.0
4182,-2887944.5
4183,98408740.0
4184,28228662.0
4185,6117962.0
4186,9654602.0
4187,20795698.0
4188,37228000.0
4189,-7030801.5
4190,22761932.0
4191,-2773809.8
4192,-14679498.0
4193,276785950.0
4194,72104560.0
4195,15113574.0
4196,12479880.0
4197,46173984.0
4198,-861832.1
4199,-1748711.2
4200,101704030.0
4201,56487796.0
4202,150654050.0
4203,-17409768.0
4204,96300536.0
4205,13396666.0
4206,69584070.0
4207,390354800.0
4208,769605060.0
4209,38755216.0
4210,109493280.0
4211,48388676.0
4212,269633700.0
4213,13453782.0
4214,15805518.0
4215,-8929118.0
4216,6547236.0
4217,37799990.0
4218,140405400.0
4219,21826334.0
4220,19239842.0
4221,-28282426.0
4222,5438770.0
4223,60429850.0
4224,-8380308.5
4225,66149572.0
4226,46132028.0
4227,29254868.0
4228,-7411641.5
4229,77984504.0
4230,40986690.0
4231,28606950.0
4232,16661504.0
4233,92037096.0
4234,8385205.0
4235,-1507213.1
4236,5952483.0
4237,7842064.0
4238,34512636.0
4239,159922620.0
4240,245247500.0
4241,191321600.0
4242,44382080.0
4243,6212473.0
4244,74297040.0
4245,-912885.1
4246,-8149899.5
4247,58026970.0
4248,-4724975.5
4249,47759710.0
4250,34649516.0
4251,40917812.0
4252,115358536.0
4253,109160250.0
4254,82504880.0
4255,56866560.0
4256,388434560.0
4257,154236450.0
4258,48907920.0
4259,19779424.0
4260,212945680.0
4261,22522744.0
4262,9466814.0
4263,5550250.0
4264,442976130.0
4265,15250486.0
4266,4893419.5
4267,30112382.0
4268,5601957.5
4269,7406111.0
4270,514793250.0
4271,105375970.0
4272,49753280.0
4273,63295084.0
4274,48761390.0
4275,27186560.0
4276,38368696.0
4277,27281864.0
4278,24980132.0
4279,95775840.0
4280,7630367.5
4281,-2626027.2
4282,49407944.0
4283,10271990.0
4284,13286872.0
4285,20598340.0
4286,397371170.0
4287,32044308.0
4288,75422860.0
4289,75392790.0
4290,106768660.0
4291,26873728.0
4292,12602416.0
4293,28685640.0
4294,73265464.0
4295,112284904.0
4296,26660622.0
4297,93183430.0
4298,9803924.0
4299,12883192.0
4300,47776256.0
4301,-6178215.5
4302,-15837926.0
4303,1063896.1
4304,73298540.0
4305,68242744.0
4306,52352700.0
4307,-11553154.0
4308,-4088837.2
4309,60300890.0
4310,-7224953.0
4311,4488613.0
4312,117109600.0
4313,257149800.0
4314,443340.0
4315,295788540.0
4316,453138900.0
4317,-17913070.0
4318,38952900.0
4319,4119573.8
4320,36213340.0
4321,60990100.0
4322,35955760.0
4323,16779280.0
4324,24284382.0
4325,-7872324.5
4326,-1659446.0
4327,62632644.0
4328,5204031.0
4329,6957486.0
4330,756566660.0
4331,93805540.0
4332,31263668.0
4333,2480013.0
4334,72273544.0
4335,113383110.0
4336,26858670.0
4337,-7901072.5
4338,220497010.0
4339,128401560.0
4340,46430736.0
4341,55540548.0
4342,14281360.0
4343,52416160.0
4344,18342520.0
4345,25608832.0
4346,50873204.0
4347,117678090.0
4348,3712714.2
4349,250105500.0
4350,34751452.0
4351,207932240.0
4352,13759576.0
4353,159612450.0
4354,25861360.0
4355,37194196.0
4356,12041368.0
4357,46871256.0
4358,1472056.1
4359,81125580.0
4360,44037704.0
4361,123823230.0
4362,11264910.0
4363,83561896.0
4364,40894692.0
4365,6391985.5
4366,27710050.0
4367,95225170.0
4368,87161550.0
4369,21258562.0
4370,142373300.0
4371,138044270.0
4372,33545526.0
4373,13137228.0
4374,29023884.0
4375,5918976.5
4376,19354512.0
4377,15992126.0
4378,100633820.0
4379,168533010.0
4380,91538680.0
4381,117445736.0
4382,589879900.0
4383,199897040.0
4384,48172350.0
4385,21146942.0
4386,162067500.0
4387,136028670.0
4388,47673456.0
4389,292282560.0
4390,7944748.0
4391,13205214.0
4392,16582960.0
4393,112773790.0
4394,40612940.0
4395,30704096.0
4396,56421884.0
4397,56589596.0
4398,192357330.0
4399,-17385804.0
4400,7469821.5
4401,43627256.0
4402,23014428.0
4403,29485532.0
4404,90155660.0
4405,35177116.0
4406,4265909.5
4407,8162409.5
4408,-7622287.0
4409,3291484.5
4410,824969.44
4411,12139488.0
4412,23169108.0
4413,80409290.0
4414,1352837.8
4415,16820176.0
4416,-728313.0
4417,182439040.0
4418,21161704.0
4419,92163976.0
4420,517797060.0
4421,3386758.2
4422,7240642.5
4423,569064.4
4424,570993.06
4425,95087864.0
4426,114481070.0
4427,58236630.0
4428,4538196.5
4429,6407219.0
4430,-8648170.0
4431,7598719.5
4432,150953440.0
4433,312699680.0
4434,345921150.0
4435,18860120.0
4436,78474340.0
4437,611310.4
4438,-5349507.5
4439,20054852.0
4440,-8746254.0
4441,52108770.0
4442,-13347312.0
4443,-1571753.0
4444,4215050.0
4445,33290568.0
4446,4967528.0
4447,119503990.0
4448,-236189.25
4449,10538052.0
4450,151450340.0
4451,625052100.0
4452,45796640.0
4453,-3082094.2
4454,-1146278.5
4455,23797968.0
4456,94525890.0
4457,5679645.0
4458,-8513920.0
4459,62857070.0
4460,47191996.0
4461,102451440.0
4462,59323024.0
4463,-9201060.0
4464,54265830.0
4465,24518526.0
4466,-2796362.2
4467,57438230.0
4468,5861777.5
4469,50406670.0
4470,55768136.0
4471,6976122.5
4472,162721470.0
4473,23857938.0
4474,12590550.0
4475,21970502.0
4476,5101036.5
4477,42813990.0
4478,26884524.0
4479,-2603334.5
4480,55864850.0
4481,44618410.0
4482,27146770.0
4483,-7582988.5
4484,12135490.0
4485,72419620.0
4486,50526176.0
4487,15137968.0
4488,23977378.0
4489,30635596.0
4490,-597367.5
4491,160143520.0
4492,28772376.0
4493,-3138495.8
4494,65972590.0
4495,34136828.0
4496,37239160.0
4497,-5442009.5
4498,68034060.0
4499,5731697.5
4500,151288780.0
4501,113672590.0
4502,15249798.0
4503,410430100.0
4504,-3204955.2
4505,588686.44
4506,95066824.0
4507,-1253769.5
4508,9308772.0
4509,-14208944.0
4510,1102698.1
4511,116443950.0
4512,-1303485.8
4513,38979164.0
4514,7307830.5
4515,404664480.0
4516,10257728.0
4517,24878100.0
4518,247090770.0
4519,126866370.0
4520,33526672.0
4521,16135594.0
4522,33518476.0
4523,48930996.0
4524,32435276.0
4525,23131018.0
4526,4835452.0
4527,55259852.0
4528,2984638.8
4529,-3082793.0
4530,8897680.0
4531,20712284.0
4532,11514190.0
4533,37023130.0
4534,-556041.8
4535,99941464.0
4536,17390596.0
4537,5391403.0
4538,30587302.0
4539,-601755.2
4540,93042260.0
4541,27074668.0
4542,80353310.0
4543,91972696.0
4544,20320958.0
4545,-6477956.0
4546,-10569748.0
4547,5783119.5
4548,7823295.5
4549,-717165.06
4550,18679962.0
4551,868504400.0
4552,239159280.0
4553,16128032.0
4554,551608800.0
4555,1752192.8
4556,84261300.0
4557,32726408.0
4558,35548496.0
4559,46554332.0
4560,123055750.0
4561,66117612.0
4562,-8144244.0
4563,224885860.0
4564,6929768.0
4565,9054196.0
4566,17068208.0
4567,67401060.0
4568,-2716654.5
4569,21704712.0
4570,34859776.0
4571,5882728.0
4572,37872724.0
4573,45889670.0
4574,4053679.8
4575,8129380.0
4576,15614078.0
4577,-5861740.5
4578,39681964.0
4579,11209596.0
4580,91003144.0
4581,25813060.0
4582,74612560.0
4583,294589150.0
4584,-1394682.1
4585,172313940.0
4586,19787024.0
4587,11677206.0
4588,144123890.0
4589,10000480.0
4590,1156874900.0
4591,62185940.0
4592,-16465508.0
4593,-518900.56
4594,43211104.0
4595,508397570.0
4596,614035400.0
4597,8908500.0
4598,85799680.0
4599,8425140.0
4600,-10950274.0
4601,39185056.0
4602,6918730.5
4603,16832618.0
4604,26696236.0
4605,284071070.0
4606,190134540.0
4607,32248554.0
4608,21621724.0
4609,23583440.0
4610,134336960.0
4611,42760036.0
4612,56739084.0
4613,39568740.0
4614,27634712.0
4615,-6729576.5
4616,-592914.06
4617,90291224.0
4618,888115.6
4619,10791850.0
4620,39188324.0
4621,289900700.0
4622,18642100.0
4623,74103970.0
4624,-1650269.8
4625,36901444.0
4626,-355965.44
4627,15476558.0
4628,15599398.0
4629,8396680.0
4630,16863434.0
4631,18385618.0
4632,-12313676.0
4633,-3947867.5
4634,19608814.0
4635,25161210.0
4636,142650450.0
4637,8076608.5
4638,25244444.0
4639,685534.56
4640,60183456.0
4641,28810752.0
4642,22249080.0
4643,127785580.0
4644,4337732.5
4645,34175120.0
4646,1004382200.0
4647,1222772.9
4648,46292320.0
4649,193735180.0
4650,113852140.0
4651,62302852.0
4652,544145000.0
4653,12310838.0
4654,65848724.0
4655,41108720.0
4656,12587794.0
4657,31721026.0
4658,34847940.0
4659,-540371.0
4660,16259410.0
4661,37924220.0
4662,14910540.0
4663,35053670.0
4664,-23782776.0
4665,49924510.0
4666,24534098.0
4667,231460700.0
4668,-3163183.2
4669,28176856.0
4670,49341984.0
4671,10633696.0
4672,-2217872.5
4673,15560960.0
4674,-11879410.0
4675,15246894.0
4676,-2959209.8
4677,-13085784.0
4678,18836258.0
4679,10458.813
4680,6320790.5
4681,23339196.0
4682,15151262.0
4683,34253148.0
4684,2004639.8
4685,39994024.0
4686,6835637.0
4687,26098936.0
4688,120038340.0
4689,17289010.0
4690,29970854.0
4691,47103700.0
4692,15035798.0
4693,19426994.0
4694,10397654.0
4695,39283476.0
4696,45546640.0
4697,105451120.0
4698,-1023597.25
4699,19048932.0
4700,126898730.0
4701,140361000.0
4702,10582334.0
4703,38617880.0
4704,72991580.0
4705,74140696.0
4706,87335620.0
4707,7009017.0
4708,22202178.0
4709,-4053801.2
4710,335653300.0
4711,-7428799.5
4712,-3085113.8
4713,397391650.0
4714,37238050.0
4715,268117.03
4716,-6496922.5
4717,22030044.0
4718,7347186.0
4719,93174216.0
4720,13334026.0
4721,23293514.0
4722,61767020.0
4723,-1341044.4
4724,263296540.0
4725,15700552.0
4726,14944124.0
4727,35903920.0
4728,42276444.0
4729,49731664.0
4730,4467588.5
4731,238944500.0
4732,404130600.0
4733,-5827969.0
4734,222488460.0
4735,37901484.0
4736,15183234.0
4737,81074610.0
4738,30459.473
4739,81887850.0
4740,525642900.0
4741,6694843.5
4742,146366140.0
4743,-2969169.0
4744,-17502400.0
4745,474541660.0
4746,73796500.0
4747,27768630.0
4748,100272216.0
4749,-12193816.0
4750,32908066.0
4751,65830308.0
4752,15035960.0
4753,31280172.0
4754,939650500.0
4755,18261828.0
4756,41659440.0
4757,125096450.0
4758,107310984.0
4759,438393660.0
4760,7018741.5
4761,46341316.0
4762,6097149.0
4763,4459510.5
4764,392268030.0
4765,9729224.0
4766,183700180.0
4767,62864544.0
4768,131321590.0
4769,29472706.0
4770,111067410.0
4771,169096930.0
4772,15068750.0
4773,31199156.0
4774,-912719.6
4775,-8973610.0
4776,-12213428.0
4777,223032300.0
4778,47992150.0
4779,42229052.0
4780,260776620.0
4781,-7113530.0
4782,35713548.0
4783,4695335.0
4784,16371976.0
4785,74721510.0
4786,119456480.0
4787,54869930.0
4788,86384540.0
4789,3918868.2
4790,122094290.0
4791,24357532.0
4792,-9186636.0
4793,27169990.0
4794,272279.3
4795,4874591.0
4796,1058569.9
4797,944697540.0
4798,174067220.0
4799,26026996.0
4800,50412784.0
4801,7239531.0
4802,33612332.0
4803,3749161.8
4804,7389906.5
4805,-2709649.8
4806,12095730.0
4807,37659652.0
4808,-7208875.5
4809,77957840.0
4810,-1048960.6
4811,4094092.0
4812,140611230.0
4813,130489310.0
4814,20063282.0
4815,71659630.0
4816,60262420.0
4817,10895552.0
4818,57791452.0
4819,26213722.0
4820,86443980.0
4821,5702273.0
4822,6669030.5
4823,3971409.8
4824,41249972.0
4825,70989160.0
4826,26678200.0
4827,59300988.0
4828,9827114.0
4829,31002202.0
4830,25429766.0
4831,49612316.0
4832,12328208.0
4833,16821788.0
4834,10892024.0
4835,79105810.0
4836,10071262.0
4837,320828030.0
4838,116694810.0
4839,6696976.5
4840,594019840.0
4841,-10257264.0
4842,47801084.0
4843,111047340.0
4844,-2577375.0
4845,33412038.0
4846,-1036351.75
4847,451877100.0
4848,59531384.0
4849,333005300.0
4850,29051658.0
4851,-7835284.0
4852,-263754.62
4853,52790230.0
4854,6715320.0
4855,98294720.0
4856,16358200.0
4857,53565330.0
4858,29574496.0
4859,10659152.0
4860,484429280.0
4861,156988980.0
4862,284935780.0
4863,188334850.0
4864,75567900.0
4865,29448612.0
4866,12810976.0
4867,111240630.0
4868,6177644.5
4869,9120608.0
4870,70893680.0
4871,33540012.0
4872,7394851.0
4873,10401638.0
4874,97173130.0
4875,29316042.0
4876,37000844.0
4877,26469956.0
4878,21713948.0
4879,19052528.0
4880,29093798.0
4881,-6867536.0
4882,48624430.0
4883,79727220.0
4884,123870210.0
4885,18534418.0
4886,29451156.0
4887,-3794420.0
4888,20594266.0
4889,1506341.4
4890,200055760.0
4891,11158742.0
4892,12918066.0
4893,97283260.0
4894,994575.0
4895,8444542.0
4896,122614440.0
4897,8096170.0
4898,133782450.0
4899,285841760.0
4900,249754200.0
4901,71587820.0
4902,1822434.8
4903,944398.1
4904,210539070.0
4905,11898638.0
4906,-687504.4
4907,981454660.0
4908,51578760.0
4909,145736580.0
4910,59900510.0
4911,16657704.0
4912,112909770.0
4913,13653356.0
4914,33865930.0
4915,85540180.0
4916,27580892.0
4917,5126352.0
4918,192064480.0
4919,45925440.0
4920,49755212.0
4921,98422860.0
4922,34276850.0
4923,1167509.1
4924,116801270.0
4925,21144764.0
4926,-9372604.0
4927,30268118.0
4928,42314176.0
4929,2531830.0
4930,12954130.0
4931,55803260.0
4932,-8680526.0
4933,146854180.0
4934,6288993.5
4935,675426100.0
4936,8838396.0
4937,-8491098.0
4938,16222542.0
4939,-4258052.0
4940,7784583.0
4941,75470100.0
4942,12756554.0
4943,132299350.0
4944,91817500.0
4945,-8366291.0
4946,23640638.0
4947,1993116.9
4948,-2668584.5
4949,48576148.0
4950,59055964.0
4951,112026900.0
4952,11692810.0
4953,95204160.0
4954,53697540.0
4955,-4949572.0
4956,25484666.0
4957,52739284.0
4958,36149476.0
4959,59696480.0
4960,10212966.0
4961,71947110.0
4962,13878024.0
4963,61796844.0
4964,26605014.0
4965,40521400.0
4966,18162690.0
4967,59346936.0
4968,28572626.0
4969,500170.16
4970,1777368.2
4971,81289430.0
4972,14220196.0
4973,19553352.0
4974,109901250.0
4975,3524219.5
4976,-5325359.5
4977,72166160.0
4978,8254760.0
4979,17572452.0
4980,52354230.0
4981,50300308.0
4982,153553200.0
4983,-1691256.4
4984,92845950.0
4985,259545280.0
4986,-10584506.0
4987,15165992.0
4988,-2078201.0
4989,56635910.0
4990,1158596.1
4991,10676448.0
4992,69053760.0
4993,-8531700.0
4994,65070220.0
4995,-10293854.0
4996,18764298.0
4997,80698210.0
4998,37661104.0
4999,54291670.0
5000,258689440.0
5001,338550600.0
5002,202157550.0
5003,153602930.0
5004,36636496.0
5005,67991840.0
5006,345857340.0
5007,63499204.0
5008,456824480.0
5009,28007584.0
5010,8696954.0
5011,44852256.0
5012,-4826239.0
5013,6323516.5
5014,59794436.0
5015,29474802.0
5016,150357600.0
5017,29221608.0
5018,66284184.0
5019,104218536.0
5020,8577490.0
5021,-1878328.2
5022,55510428.0
5023,2457794.5
5024,110020056.0
5025,5680345.5
5026,122644490.0
5027,53810360.0
5028,65262948.0
5029,82800120.0
5030,29138058.0
5031,6547379.5
5032,128224190.0
5033,27169524.0
5034,12711524.0
5035,6401091.5
5036,28087952.0
5037,99552850.0
5038,472422820.0
5039,6567125.0
5040,104924160.0
5041,47373452.0
5042,14376054.0
5043,18978310.0
5044,292957060.0
5045,-6101771.0
5046,-9498372.0
5047,23970244.0
5048,9745952.0
5049,96838300.0
5050,1707893.5
5051,313962880.0
5052,110106510.0
5053,21368148.0
5054,46856890.0
5055,32631180.0
5056,35186176.0
5057,63564976.0
5058,40103684.0
5059,32974968.0
5060,126323730.0
5061,65236612.0
5062,16951034.0
5063,2798305.0
5064,60676012.0
5065,9724264.0
5066,40611820.0
5067,51716320.0
5068,10648704.0
5069,82664010.0
5070,48426984.0
5071,94504230.0
5072,127863624.0
5073,26376814.0
5074,-4615235.0
5075,26611970.0
5076,46958348.0
5077,136602140.0
5078,14592680.0
5079,12406276.0
5080,113451990.0
5081,48392070.0
5082,30765408.0
5083,7224210.0
5084,122328160.0
5085,5196375.0
5086,33164580.0
5087,2941602.8
5088,2215587.5
5089,-9785540.0
5090,517735.8
5091,9096712.0
5092,48428780.0
5093,49850344.0
5094,58850012.0
5095,109704040.0
5096,57473748.0
5097,-4893733.5
5098,1362871.0
5099,10196564.0
5100,10290744.0
5101,-12148480.0
5102,17242888.0
5103,-4269995.5
5104,50825404.0
5105,-97201.44
5106,-3097467.8
5107,13783626.0
5108,51531444.0
5109,127834.38
5110,70401890.0
5111,127377064.0
5112,27319600.0
5113,-6244960.5
5114,23491616.0
5115,-12328906.0
5116,16126074.0
5117,239679740.0
5118,38025052.0
5119,10515686.0
5120,169993.45
5121,96171880.0
5122,32248528.0
5123,22111814.0
5124,13018618.0
5125,35548204.0
5126,74604970.0
5127,65740576.0
5128,2574276.8
5129,-4067880.5
5130,57772532.0
5131,23733604.0
5132,38551820.0
5133,108052620.0
5134,99577740.0
5135,175580980.0
5136,-2486547.2
5137,89799144.0
5138,25280782.0
5139,131410910.0
5140,112123080.0
5141,111002024.0
5142,147529660.0
5143,129183384.0
5144,94933590.0
5145,31146246.0
5146,5906942.0
5147,29100436.0
5148,38858740.0
5149,30571072.0
5150,593405700.0
5151,307678500.0
5152,82465464.0
5153,3636032.2
5154,50434028.0
5155,21437732.0
5156,663437760.0
5157,11197780.0
5158,1970699.0
5159,87786760.0
5160,27325814.0
5161,34005544.0
5162,96815784.0
5163,189182740.0
5164,5169584.0
5165,83748150.0
5166,135209070.0
5167,24778202.0
5168,7821623.0
5169,19595532.0
5170,52151348.0
5171,207173580.0
5172,9728392.0
5173,73825660.0
5174,70766090.0
5175,23651002.0
5176,14407038.0
5177,98683440.0
5178,923792700.0
5179,3894759.2
5180,51579484.0
5181,2737190.2
5182,29140984.0
5183,6050209.0
5184,33680772.0
5185,15625116.0
5186,17557374.0
5187,-1421810.2
5188,24354064.0
5189,37416340.0
5190,272216500.0
5191,34311264.0
5192,121616670.0
5193,140802580.0
5194,58383612.0
5195,260207620.0
5196,36397396.0
5197,287246050.0
5198,64122000.0
5199,8935772.0
5200,9924510.0
5201,31068160.0
5202,8886524.0
5203,-5164816.5
5204,7165174.0
5205,14894816.0
5206,45116944.0
5207,7625233.5
5208,36570844.0
5209,95818250.0
5210,16145622.0
5211,12999670.0
5212,47999932.0
5213,74913660.0
5214,5440450.0
5215,23560214.0
5216,63273030.0
5217,-1140681.5
5218,14136460.0
5219,7316711.0
5220,40348704.0
5221,-7306472.5
5222,392996.3
5223,249583840.0
5224,-5886411.0
5225,-5627318.0
5226,44968610.0
5227,6372184.0
5228,14025374.0
5229,194377140.0
5230,15366168.0
5231,20024598.0
5232,8325587.0
5233,30525422.0
5234,51585590.0
5235,23652244.0
5236,144164740.0
5237,128534824.0
5238,19072280.0
5239,47449556.0
5240,163449300.0
5241,42808244.0
5242,32424726.0
5243,13632494.0
5244,106808456.0
5245,5163247.5
5246,11157464.0
5247,76567030.0
5248,-7308905.5
5249,40740196.0
5250,263977140.0
5251,19572414.0
5252,-705703.94
5253,35277572.0
5254,5340829.5
5255,92270710.0
5256,28307496.0
5257,-918582.9
5258,-22658022.0
5259,80355210.0
5260,46979332.0
5261,42622264.0
5262,10638556.0
5263,69691780.0
5264,1503918.1
5265,-19449706.0
5266,65639830.0
5267,-1549686.5
5268,-594001.1
5269,120775336.0
5270,60727620.0
5271,12413464.0
5272,67629950.0
5273,40567508.0
5274,67077890.0
5275,36092110.0
5276,17396732.0
5277,16061062.0
5278,17783776.0
5279,49478748.0
5280,-12874204.0
5281,-2316448.0
5282,53895216.0
5283,-6119862.5
5284,21919968.0
5285,84606570.0
5286,10623292.0
5287,8231512.5
5288,-464651.66
5289,168146370.0
5290,106744056.0
5291,663276800.0
5292,210526430.0
5293,145867410.0
5294,22079900.0
5295,802625900.0
5296,21014636.0
5297,67214260.0
5298,144911650.0
5299,8385323.0
5300,24957316.0
5301,41697600.0
5302,107491390.0
5303,2699553.0
5304,23465746.0
5305,2812724.0
5306,80882940.0
5307,330646000.0
5308,-3626198.2
5309,4751376.0
5310,90999590.0
5311,8207093.5
5312,123330530.0
5313,586817900.0
5314,65508452.0
5315,10147932.0
5316,29775676.0
5317,20743900.0
5318,24020518.0
5319,35857944.0
5320,31777180.0
5321,47179300.0
5322,3348522.2
5323,66147760.0
5324,70855540.0
5325,18862936.0
5326,-8054619.0
5327,104068590.0
5328,9068518.0
5329,17138016.0
5330,118893110.0
5331,-1471682.8
5332,7695434.5
5333,91690910.0
5334,44606936.0
5335,908912.3
5336,25639098.0
5337,16502158.0
5338,74588160.0
5339,34281944.0
5340,10599478.0
5341,168502080.0
5342,192103790.0
5343,12590300.0
5344,85330670.0
5345,46787716.0
5346,203642260.0
5347,7826057.0
5348,15971164.0
5349,26148182.0
5350,9931694.0
5351,157635570.0
5352,4991019.0
5353,46050910.0
5354,84831200.0
5355,103712750.0
5356,25396880.0
5357,5665981.0
5358,160462500.0
5359,26224970.0
5360,158651000.0
5361,22426320.0
5362,-1163375.2
5363,26061470.0
5364,-3316315.0
5365,24263816.0
5366,164024770.0
5367,148848160.0
5368,23563754.0
5369,560637200.0
5370,28851926.0
5371,49618788.0
5372,845605060.0
5373,23611238.0
5374,94623690.0
5375,146140930.0
5376,185514080.0
5377,95570820.0
5378,955558.94
5379,21838220.0
5380,50488764.0
5381,115436500.0
5382,98800310.0
5383,-17938488.0
5384,237388460.0
5385,142614190.0
5386,30636378.0
5387,20198580.0
5388,294708580.0
5389,49895500.0
5390,9066702.0
5391,99588440.0
5392,-8154685.0
5393,-3718309.5
5394,30074724.0
5395,16722102.0
5396,9153020.0
5397,6969695.5
5398,26926414.0
5399,-1165530.0
5400,7176136.0
5401,84972380.0
5402,74018260.0
5403,33035998.0
5404,-4819317.5
5405,129356216.0
5406,15590620.0
5407,249012530.0
5408,834570050.0
5409,123087410.0
5410,-7144764.5
5411,37293364.0
5412,4667076.5
5413,-6987919.5
5414,197340180.0
5415,74477710.0
5416,20041176.0
5417,155169740.0
5418,-10299776.0
5419,-9811678.0
5420,22999176.0
5421,44846252.0
5422,121393750.0
5423,296299300.0
5424,174064900.0
5425,18919290.0
5426,65358644.0
5427,1518220.5
5428,24520644.0
5429,108465790.0
5430,161491540.0
5431,57751660.0
5432,109205976.0
5433,64797630.0
5434,101152800.0
5435,17457798.0
5436,22969510.0
5437,108900190.0
5438,23720928.0
5439,-5679104.0
5440,39155860.0
5441,8423114.0
5442,145934380.0
5443,133973736.0
5444,65136812.0
5445,61172244.0
5446,138524130.0
5447,10889786.0
5448,25717226.0
5449,115203070.0
5450,10741440.0
5451,38837340.0
5452,12940764.0
5453,262086430.0
5454,72003064.0
5455,86451130.0
5456,33989696.0
5457,51482856.0
5458,12138092.0
5459,34425404.0
5460,-4749188.5
5461,9561650.0
5462,-1124793.2
5463,645854200.0
5464,45913.33
5465,36611550.0
5466,81992790.0
5467,53791092.0
5468,137988590.0
5469,742798.25
5470,338078530.0
5471,120787540.0
5472,70905656.0
5473,22634018.0
5474,45861452.0
5475,25369642.0
5476,22024682.0
5477,6387325.0
5478,143625970.0
5479,117447864.0
5480,31264098.0
5481,14468052.0
5482,112360830.0
5483,46905170.0
5484,75561530.0
5485,-13098592.0
5486,32284098.0
5487,617443600.0
5488,42162330.0
5489,35802296.0
5490,17968228.0
5491,167230080.0
5492,64848200.0
5493,9051340.0
5494,-13411038.0
5495,31505044.0
5496,37511108.0
5497,47469908.0
5498,12430468.0
5499,96469340.0
5500,63651004.0
5501,2380122.0
5502,24542540.0
5503,27552796.0
5504,45934852.0
5505,35667124.0
5506,326515040.0
5507,50884856.0
5508,121268230.0
5509,139979000.0
5510,16763348.0
5511,10726300.0
5512,91105330.0
5513,-9932342.0
5514,16584406.0
5515,-2260122.2
5516,15434844.0
5517,306419870.0
5518,711737.25
5519,153784300.0
5520,20598616.0
5521,22499864.0
5522,1764250.9
5523,334608960.0
5524,637122800.0
5525,70426610.0
5526,16242056.0
5527,1898126.5
5528,95123690.0
5529,2454109.0
5530,303361570.0
5531,-180644.75
5532,41166380.0
5533,86577050.0
5534,489209100.0
5535,-4750966.0
5536,1706500.9
5537,-4679326.0
5538,24363580.0
5539,197628050.0
5540,15340624.0
5541,139965740.0
5542,-2955913.8
5543,-135621.48
5544,99290690.0
5545,4972955.5
5546,19783856.0
5547,35454144.0
5548,23706748.0
5549,60195564.0
5550,74277410.0
5551,50923620.0
5552,74165690.0
5553,26579364.0
5554,10132872.0
5555,94231970.0
5556,19947730.0
5557,15660170.0
5558,632814200.0
5559,2211486.8
5560,742945.8
5561,36131500.0
5562,45314900.0
5563,-6132147.5
5564,2774902.5
5565,31543354.0
5566,-6296352.0
5567,11292642.0
5568,58712870.0
5569,50797404.0
5570,45349884.0
5571,115698720.0
5572,10160206.0
5573,126735830.0
5574,42191464.0
5575,189012420.0
5576,59337850.0
5577,65552724.0
5578,12723612.0
5579,17535496.0
5580,9819488.0
5581,35133940.0
5582,29843280.0
5583,68832696.0
5584,18243252.0
5585,28277750.0
5586,-9785118.0
5587,26927238.0
5588,225295070.0
5589,26767550.0
5590,-4995364.5
5591,25841548.0
5592,5504677.5
5593,32049622.0
5594,33280872.0
5595,60495612.0
5596,123913000.0
5597,11037770.0
5598,5171208.0
5599,17312064.0
5600,28109824.0
5601,19425856.0
5602,109872740.0
5603,-506230.94
5604,32641280.0
5605,248365280.0
5606,84555200.0
5607,186747340.0
5608,83305240.0
5609,33900410.0
5610,31067300.0
5611,49173510.0
5612,711547000.0
5613,85060940.0
5614,12000766.0
5615,96032080.0
5616,27855772.0
5617,359365700.0
5618,18696594.0
5619,91859496.0
5620,20791462.0
5621,67477400.0
5622,75334410.0
5623,41286588.0
5624,537179700.0
5625,18539094.0
5626,29182192.0
5627,110351770.0
5628,30557912.0
5629,244383120.0
5630,35118276.0
5631,77069250.0
5632,26583892.0
5633,68895740.0
5634,21010222.0
5635,69446140.0
5636,2021615.5
5637,-5269112.0
5638,105940210.0
5639,10601208.0
5640,4561955.0
5641,39653524.0
5642,9248618.0
5643,-10769980.0
5644,703626500.0
5645,175402700.0
5646,46893950.0
5647,13401164.0
5648,97951030.0
5649,-5913899.0
5650,129941390.0
5651,42941492.0
5652,-1959538.5
5653,102629160.0
5654,83770424.0
5655,38461380.0
5656,624376100.0
5657,5574863.0
5658,11682758.0
5659,79472000.0
5660,125079620.0
5661,23506026.0
5662,350465100.0
5663,1757041.4
5664,-3533179.0
5665,93656424.0
5666,42760984.0
5667,47158764.0
5668,-1729751.1
5669,3471866.5
5670,696403000.0
5671,55261692.0
5672,23050174.0
5673,21887220.0
5674,17363542.0
5675,-4356115.0
5676,81128.375
5677,160393040.0
5678,94784830.0
5679,16173414.0
5680,38612364.0
5681,752815300.0
5682,-13230988.0
5683,477741120.0
5684,81039050.0
5685,31761064.0
5686,9226400.0
5687,78602264.0
5688,-144927.27
5689,34572148.0
5690,15012042.0
5691,61081970.0
5692,444604830.0
5693,46223932.0
5694,48339730.0
5695,9407326.0
5696,43312276.0
5697,-7608482.5
5698,22935888.0
5699,9512298.0
5700,102072860.0
5701,26712544.0
5702,65447196.0
5703,70021544.0
5704,588359.94
5705,21384572.0
5706,8341303.0
5707,84614980.0
5708,28913288.0
5709,175987730.0
5710,-3553267.0
5711,42368024.0
5712,117936200.0
5713,6841427.0
5714,27879358.0
5715,23060458.0
5716,-2620354.2
5717,26586398.0
5718,13951524.0
5719,32614494.0
5720,9317826.0
5721,33538898.0
5722,5556706.5
5723,148239070.0
5724,11723846.0
5725,2346299.5
5726,83833970.0
5727,80806856.0
5728,13579160.0
5729,289145950.0
5730,-319958.4
5731,-2580403.5
5732,35343904.0
5733,28015756.0
5734,20772250.0
5735,1377270.0
5736,51174132.0
5737,47214284.0
5738,18076612.0
5739,35081904.0
5740,20207644.0
5741,70708504.0
5742,58791444.0
5743,33785936.0
5744,9689812.0
5745,14432594.0
5746,27917758.0
5747,-4890497.5
5748,91262220.0
5749,108214620.0
5750,63627964.0
5751,83813960.0
5752,6922006.0
5753,251000210.0
5754,35299756.0
5755,77787690.0
5756,40626664.0
5757,21993740.0
5758,-4083981.8
5759,27104520.0
5760,-4274347.0
5761,-5365845.0
5762,372378400.0
5763,109387620.0
5764,16016178.0
5765,38182790.0
5766,41359576.0
5767,46506990.0
5768,124382240.0
5769,402208500.0
5770,18208846.0
5771,34171930.0
5772,81407200.0
5773,252107310.0
5774,79965240.0
5775,37389104.0
5776,25087956.0
5777,211619420.0
5778,130574030.0
5779,257261660.0
5780,4338584.0
5781,92494550.0
5782,111266460.0
5783,142912830.0
5784,12968120.0
5785,90471176.0
5786,55405812.0
5787,164919600.0
5788,-7318042.5
5789,18009932.0
5790,72981820.0
5791,139774640.0
5792,21624484.0
5793,50659364.0
5794,91858240.0
5795,108986370.0
5796,41720564.0
5797,92604910.0
5798,-5658864.0
5799,164184340.0
5800,-4464538.0
5801,20961114.0
5802,4949441.5
5803,39645310.0
5804,355559100.0
5805,25518484.0
5806,48145930.0
5807,85926700.0
5808,71517060.0
5809,42027016.0
5810,11025952.0
5811,-9472096.0
5812,115417064.0
5813,121159510.0
5814,-1088906.6
5815,22117942.0
5816,25454566.0
5817,12756604.0
5818,6521252.5
5819,8627498.0
5820,34418012.0
5821,-7816135.0
5822,-4265275.0
5823,49560404.0
5824,58914308.0
5825,16206562.0
5826,24634274.0
5827,-7097666.0
5828,414721700.0
5829,39435612.0
5830,2210174.0
5831,145876880.0
5832,43116188.0
5833,25112040.0
5834,32025166.0
5835,8226825.5
5836,104543464.0
5837,54902460.0
5838,-3693136.0
5839,40794544.0
5840,18278498.0
5841,102641590.0
5842,46526170.0
5843,26301728.0
5844,8293056.5
5845,-3465746.0
5846,-6619918.5
5847,55784424.0
5848,69702350.0
5849,25000280.0
5850,172663000.0
5851,15593236.0
5852,18622556.0
5853,12390338.0
5854,54963200.0
5855,118497150.0
5856,27231714.0
5857,929107300.0
5858,21638754.0
5859,54174476.0
5860,149884210.0
5861,14088742.0
5862,35844444.0
5863,48343532.0
5864,361301920.0
5865,13512382.0
5866,29607326.0
5867,23215560.0
5868,69629150.0
5869,32313034.0
5870,4692372.0
5871,122157000.0
5872,250532720.0
5873,100447350.0
5874,33599024.0
5875,44195028.0
5876,113384344.0
5877,8136224.5
5878,72473336.0
5879,11756676.0
5880,106721560.0
5881,107944370.0
5882,341485760.0
5883,3514131.8
5884,43246656.0
5885,50540350.0
5886,63151910.0
5887,18448328.0
5888,5930473.5
5889,14540684.0
5890,25050698.0
5891,89321210.0
5892,16832362.0
5893,10341550.0
5894,109605880.0
5895,12678898.0
5896,61727204.0
5897,11519344.0
5898,35284696.0
5899,9037402.0
5900,16538804.0
5901,-4975042.5
5902,32729950.0
5903,76987710.0
5904,29332180.0
5905,106441820.0
5906,71916750.0
5907,2177614.0
5908,51562750.0
5909,38531588.0
5910,135826850.0
5911,15512166.0
5912,271212200.0
5913,38485970.0
5914,27319370.0
5915,5874002.5
5916,64123788.0
5917,258402930.0
5918,158693070.0
5919,134709860.0
5920,-963396.0
5921,36332250.0
5922,491172.22
5923,-4230075.5
5924,27795064.0
5925,540406500.0
5926,-1008090.7
5927,-1510316.6
5928,46995356.0
5929,-328829.75
5930,43111870.0
5931,63739200.0
5932,2193792.5
5933,4272418.0
5934,15260892.0
5935,217457380.0
5936,101369880.0
5937,28362068.0
5938,17147596.0
5939,45414376.0
5940,111113016.0
5941,7824131.0
5942,69772660.0
5943,19748920.0
5944,42629372.0
5945,16922934.0
5946,6500096.5
5947,2361595.0
5948,207295710.0
5949,-9669886.0
5950,297270660.0
5951,56917516.0
5952,26984304.0
5953,253750480.0
5954,11425596.0
5955,116448650.0
5956,112499630.0
5957,93404376.0
5958,98522270.0
5959,23413774.0
5960,6769586.0
5961,2506714.0
5962,-6952949.0
5963,60899590.0
5964,81455420.0
5965,77091540.0
5966,83114960.0
5967,560706560.0
5968,71131000.0
5969,13251662.0
5970,18016042.0
5971,-7562270.5
5972,46646620.0
5973,88797760.0
5974,3109352.0
5975,373352.62
5976,-8201802.5
5977,-9362148.0
5978,998232500.0
5979,-10562052.0
5980,99064760.0
5981,6618338.5
5982,122340320.0
5983,5120047.0
5984,41366184.0
5985,98755830.0
5986,10591222.0
5987,54657430.0
5988,73388730.0
5989,11249504.0
5990,161513500.0
5991,3193358.8
5992,16193358.0
5993,97951430.0
5994,5714306.5
5995,45714320.0
5996,33057860.0
5997,28636110.0
5998,437914430.0
5999,8359154.5
6000,4312293.0
6001,18270936.0
6002,35777280.0
6003,364334270.0
6004,93261270.0
6005,13857168.0
6006,24176742.0
6007,62493624.0
6008,15148212.0
6009,103726104.0
6010,51372692.0
6011,28309974.0
6012,22340058.0
6013,152745810.0
6014,51721296.0
6015,46060324.0
6016,23335166.0
6017,16588874.0
6018,16037316.0
6019,2613972.8
6020,680871.56
6021,2060576.5
6022,167271.92
6023,180095180.0
6024,-2764541.0
6025,63501550.0
6026,137640200.0
6027,-675554.9
6028,226046830.0
6029,21901788.0
6030,302637860.0
6031,88053190.0
6032,-8638208.0
6033,96684220.0
6034,4739852.5
6035,757154900.0
6036,6536518.5
6037,35560776.0
6038,161247.45
6039,-10256384.0
6040,26397798.0
6041,224918620.0
6042,-7253822.5
6043,147739400.0
6044,9602166.0
6045,50764012.0
6046,7034895.0
6047,-12415780.0
6048,8669522.0
6049,30260084.0
6050,-4171849.5
6051,-75339.586
6052,61388776.0
6053,-4481331.5
6054,30903336.0
6055,415574.62
6056,39528256.0
6057,11567396.0
6058,22762686.0
6059,123032140.0
6060,50656424.0
6061,73891910.0
6062,31443498.0
6063,117197180.0
6064,16250710.0
6065,358423680.0
6066,63600830.0
6067,75124850.0
6068,-8289503.5
6069,146557140.0
6070,135978140.0
6071,4877097.0
6072,62591988.0
6073,48325864.0
6074,-11663568.0
6075,42135788.0
6076,114349110.0
6077,16043658.0
6078,88581020.0
6079,557257400.0
6080,-3998956.8
6081,-1314965.1
6082,315787.72
6083,193375920.0
6084,27980312.0
6085,10978230.0
6086,5611178.5
6087,64292132.0
6088,25895682.0
6089,22069716.0
6090,248767220.0
6091,6989979.5
6092,-7089041.5
6093,37923096.0
6094,120722530.0
6095,131498990.0
6096,13125418.0
6097,74869960.0
6098,-9991908.0
6099,44152170.0
6100,34840156.0
6101,131016216.0
6102,77408344.0
6103,33337258.0
6104,31543352.0
6105,20780720.0
6106,3379590.0
6107,-1868329.5
6108,48134820.0
6109,52537228.0
6110,94818856.0
6111,14921522.0
6112,4525395.0
6113,17881476.0
6114,41085270.0
6115,127099490.0
6116,1467638.4
6117,17380476.0
6118,103810010.0
6119,140357360.0
6120,65751904.0
6121,47728900.0
6122,127387990.0
6123,-5212332.0
6124,19979636.0
6125,442912.5
6126,14679418.0
6127,15153982.0
6128,197312020.0
6129,28989690.0
6130,1588084.1
6131,11678666.0
6132,30066652.0
6133,22477120.0
6134,47666000.0
6135,47191220.0
6136,651076000.0
6137,15076978.0
6138,5906026.5
6139,1164048100.0
6140,670519.56
6141,50256080.0
6142,9826256.0
6143,44762544.0
6144,14618806.0
6145,27929730.0
6146,30153030.0
6147,82866320.0
6148,37813316.0
6149,78713980.0
6150,284113540.0
6151,50609640.0
6152,852987200.0
6153,9573092.0
6154,-3274986.8
6155,125644310.0
6156,6301204.5
6157,11821504.0
6158,105457730.0
6159,14645680.0
6160,83371150.0
6161,2187545.0
6162,13558918.0
6163,32642436.0
6164,3014316.0
6165,24904688.0
6166,35004364.0
6167,29949400.0
6168,25968610.0
6169,96250020.0
6170,2593451.8
6171,28933560.0
6172,3276761.8
6173,32177980.0
6174,85902790.0
6175,24988524.0
6176,149489710.0
6177,63781012.0
6178,13321378.0
6179,366783870.0
6180,48526092.0
6181,29381932.0
6182,482052860.0
6183,19911000.0
6184,827996350.0
6185,17897314.0
6186,15219128.0
6187,82453.56
6188,28222240.0
6189,24371536.0
6190,128258480.0
6191,24207594.0
6192,110967050.0
6193,10704974.0
6194,-4529888.5
6195,1045261.75
6196,101941800.0
6197,49220236.0
6198,119495690.0
6199,584185200.0
6200,5744310.0
6201,26012518.0
6202,117846530.0
6203,614810600.0
6204,-5154445.0
6205,20664032.0
6206,52401780.0
6207,70065320.0
6208,89162696.0
6209,24437738.0
6210,-3222836.2
6211,73953410.0
6212,1905035.6
6213,75362020.0
6214,19505752.0
6215,14163826.0
6216,8507868.0
6217,-4343441.5
6218,8754812.0
6219,24982536.0
6220,-2410737.2
6221,28364098.0
6222,-8270957.0
6223,40530900.0
6224,33913656.0
6225,60169016.0
6226,22674860.0
6227,-1961207.8
6228,2209794.8
6229,-5190913.0
6230,-9688640.0
6231,69254330.0
6232,-3090165.2
6233,119193080.0
6234,26818660.0
6235,92322140.0
6236,3704988.0
6237,-4990993.0
6238,9361372.0
6239,159019090.0
6240,169952560.0
6241,12861184.0
6242,26787378.0
6243,436445.6
6244,69301470.0
6245,14623084.0
6246,22987776.0
6247,548161340.0
6248,11479050.0
6249,20101202.0
6250,31094100.0
6251,113750900.0
6252,28176556.0
6253,15710084.0
6254,125602570.0
6255,5004654.5
6256,4369693.5
6257,92376650.0
6258,-9546218.0
6259,2127594.5
6260,6032303.5
6261,78283816.0
6262,15099550.0
6263,117481260.0
6264,6889165.0
6265,7618061.0
6266,-2518190.2
6267,139705010.0
6268,3050169.8
6269,105305576.0
6270,47667570.0
6271,293897060.0
6272,5492955.5
6273,46620108.0
6274,389523620.0
6275,32676394.0
6276,39337324.0
6277,44264640.0
6278,10550508.0
6279,35385628.0
6280,39361064.0
6281,-7945850.0
6282,416404700.0
6283,71641864.0
6284,161418900.0
6285,60885364.0
6286,1313513.6
6287,16048196.0
6288,88714290.0
6289,160224400.0
6290,2418106.2
6291,29199058.0
6292,115857550.0
6293,587955800.0
6294,56736104.0
6295,367894980.0
6296,12789852.0
6297,105185110.0
6298,5021944.5
6299,-1143291.4
6300,7676248.0
6301,23316426.0
6302,31925084.0
6303,34901092.0
6304,18324270.0
6305,109677830.0
6306,81666860.0
6307,10012806.0
6308,-8151072.0
6309,-147702.14
6310,62485932.0
6311,23040276.0
6312,-9530492.0
6313,17370104.0
6314,47962572.0
6315,-2138358.5
6316,75590290.0
6317,186087330.0
6318,81817576.0
6319,61374590.0
6320,31408200.0
6321,155733730.0
6322,46807240.0
6323,23795684.0
6324,4709457.5
6325,157803360.0
6326,4119563.0
6327,9198812.0
6328,54320428.0
6329,14026456.0
6330,-11169338.0
6331,128154920.0
6332,5257742.0
6333,26280660.0
6334,19634658.0
6335,65245700.0
6336,100046080.0
6337,74126550.0
6338,-534713.8
6339,52977188.0
6340,19326514.0
6341,-11688918.0
6342,18453914.0
6343,57563980.0
6344,124702000.0
6345,9721796.0
6346,154351650.0
6347,125896890.0
6348,26027914.0
6349,46810044.0
6350,-1076638.6
6351,71888490.0
6352,60633964.0
6353,2430625.2
6354,-3193790.5
6355,-4615023.5
6356,11884442.0
6357,29022930.0
6358,8497858.0
6359,15939500.0
6360,20811658.0
6361,239410530.0
6362,21489850.0
6363,26286420.0
6364,15373596.0
6365,167930110.0
6366,103206136.0
6367,58793210.0
6368,42762464.0
6369,13224438.0
6370,296948500.0
6371,7871527.5
6372,14085504.0
6373,641982.9
6374,452772.0
6375,122027940.0
6376,-3388087.2
6377,2730137.8
6378,-5191750.5
6379,266479420.0
6380,10482556.0
6381,681309250.0
6382,91682010.0
6383,51896210.0
6384,81042990.0
6385,19628464.0
6386,427315600.0
6387,28446508.0
6388,9806398.0
6389,16483526.0
6390,74950420.0
6391,6784688.5
6392,28259930.0
6393,195265060.0
6394,279732350.0
6395,23062328.0
6396,7225005.5
6397,10565028.0
6398,15579340.0
6399,6418445.5
6400,37328120.0
6401,-9847796.0
6402,35079390.0
6403,-11455578.0
6404,45169564.0
6405,5536936.0
6406,-3722588.0
6407,14321138.0
6408,13590968.0
6409,65977996.0
6410,17985616.0
6411,5298035.5
6412,7788106.5
6413,76726510.0
6414,690152400.0
6415,-11261184.0
6416,-9031506.0
6417,108330160.0
6418,29330270.0
6419,36838260.0
6420,42538504.0
6421,14132158.0
6422,-3113710.8
6423,479098.34
6424,40998924.0
6425,44893628.0
6426,22583134.0
6427,8059702.5
6428,11531496.0
6429,18225408.0
6430,117582680.0
6431,101445790.0
6432,98169270.0
6433,35983108.0
6434,14475578.0
6435,72799310.0
6436,64044424.0
6437,15699180.0
6438,15991976.0
6439,26308024.0
6440,97203470.0
6441,13462336.0
6442,5069531.0
6443,9202644.0
6444,-3581387.0
6445,546698400.0
6446,216444030.0
6447,38283212.0
6448,-5146862.0
6449,43766920.0
6450,43677204.0
6451,-1195550.9
6452,53044180.0
6453,87413320.0
6454,35539164.0
6455,32379814.0
6456,21855428.0
6457,109440330.0
6458,9622824.0
6459,36259508.0
6460,82633710.0
6461,144919660.0
6462,128724190.0
6463,6698287.5
6464,-9992124.0
6465,22551076.0
6466,7394428.0
6467,13583450.0
6468,2002017.0
6469,26966314.0
6470,13124840.0
6471,32823118.0
6472,34644828.0
6473,8358772.5
6474,23295268.0
6475,9149844.0
6476,333312700.0
6477,55267476.0
6478,39651336.0
6479,399106500.0
6480,57960900.0
6481,81346390.0
6482,-7389184.0
6483,-26736800.0
6484,182606180.0
6485,73083290.0
6486,-3640041.0
6487,118144990.0
6488,31007102.0
6489,13824940.0
6490,69881060.0
6491,32484968.0
6492,29982362.0
6493,39954040.0
6494,113713940.0
6495,53098436.0
6496,435891260.0
6497,154306800.0
6498,95189280.0
6499,12072016.0
6500,8226857.5
6501,-9527130.0
6502,224387500.0
6503,-3968771.2
6504,13710552.0
6505,19853126.0
6506,23091194.0
6507,16433730.0
6508,86226744.0
6509,16840294.0
6510,-7239064.5
6511,-1152546.4
6512,12454810.0
6513,21346942.0
6514,-12784286.0
6515,116424900.0
6516,38726436.0
6517,7679458.5
6518,66079428.0
6519,88574664.0
6520,28302272.0
6521,468410400.0
6522,76890296.0
6523,61830000.0
6524,21345634.0
6525,107229040.0
6526,432700380.0
6527,18464564.0
6528,20333704.0
6529,-52768.977
6530,69462910.0
6531,21354822.0
6532,38399990.0
6533,7829665.0
6534,357072770.0
6535,21127970.0
6536,23121802.0
6537,77650424.0
6538,39479210.0
6539,240099800.0
6540,117164580.0
6541,60593784.0
6542,13802628.0
6543,-869923.9
6544,39278124.0
6545,11424616.0
6546,449318850.0
6547,22971040.0
6548,49590596.0
6549,112596490.0
6550,47803844.0
6551,57414056.0
6552,47895250.0
6553,2154651.2
6554,25381198.0
6555,6356883.0
6556,54546284.0
6557,23709198.0
6558,119310790.0
6559,49145932.0
6560,224238380.0
6561,6042370.5
6562,134718260.0
6563,20121366.0
6564,13510492.0
6565,33319292.0
6566,45627692.0
6567,20036614.0
6568,53495136.0
6569,-6448869.0
6570,85419990.0
6571,2463742.5
6572,3327288.0
6573,-21516558.0
6574,33105970.0
6575,-4278597.0
6576,17937188.0
6577,17229190.0
6578,81874550.0
6579,21976804.0
6580,474242.22
6581,62289924.0
6582,-2883935.2
6583,8575014.0
6584,401134.28
6585,71365350.0
6586,78862190.0
6587,35806440.0
6588,20254258.0
6589,62801172.0
6590,176601460.0
6591,49811308.0
6592,126893680.0
6593,71201440.0
6594,88094040.0
6595,11392600.0
6596,121973850.0
6597,3880708.5
6598,27989112.0
6599,19761108.0
6600,3929896.0
6601,95986850.0
6602,590931200.0
6603,78551380.0
6604,39854596.0
6605,79821210.0
6606,455007.4
6607,66023764.0
6608,9051952.0
6609,21422900.0
6610,19753334.0
6611,11216822.0
6612,781806700.0
6613,83577300.0
6614,314116160.0
6615,9168972.0
6616,148872020.0
6617,65335580.0
6618,61227956.0
6619,19416576.0
6620,8512684.0
6621,29478022.0
6622,131763010.0
6623,273244200.0
6624,123713464.0
6625,124222960.0
6626,36445692.0
6627,156692060.0
6628,6653496.0
6629,16376052.0
6630,-2405728.0
6631,6320863.0
6632,7160285.5
6633,23301016.0
6634,53976960.0
6635,8887032.0
6636,138393310.0
6637,65859620.0
6638,5582482.0
6639,35897364.0
6640,38992692.0
6641,96616110.0
6642,170476480.0
6643,-4597554.5
6644,7361554.5
6645,42509460.0
6646,54126024.0
6647,2151983.0
6648,24636564.0
6649,4065453.5
6650,-5555630.5
6651,13876710.0
6652,2207057.8
6653,87903864.0
6654,129069460.0
6655,40937696.0
6656,18272614.0
6657,82604820.0
6658,28281410.0
6659,33896400.0
6660,-1088238.1
6661,-8750500.0
6662,13611752.0
6663,572391230.0
6664,-2107353.8
6665,11175074.0
6666,65429480.0
6667,133420936.0
6668,51467892.0
6669,20405982.0
6670,2444777.8
6671,44464300.0
6672,14538148.0
6673,151749550.0
6674,534730340.0
6675,154141400.0
6676,3677275.2
6677,-3092462.0
6678,-274062.2
6679,586261060.0
6680,14150364.0
6681,842325060.0
6682,158010380.0
6683,81732960.0
6684,-3764324.0
6685,-3984550.0
6686,69705130.0
6687,95808180.0
6688,21640980.0
6689,151928500.0
6690,375439460.0
6691,7199534.5
6692,710142200.0
6693,13511658.0
6694,64359136.0
6695,37764920.0
6696,134863950.0
6697,28104986.0
6698,25167064.0
6699,333546850.0
6700,190373180.0
6701,35104784.0
6702,30130300.0
6703,28712232.0
6704,17034496.0
6705,35809556.0
6706,57839732.0
6707,46332384.0
6708,16309304.0
6709,15593678.0
6710,34286390.0
6711,41396950.0
6712,135985980.0
6713,5625.084
6714,-2581884.8
6715,5242547.0
6716,32974378.0
6717,385002780.0
6718,81478950.0
6719,28289734.0
6720,-3163657.5
6721,95184090.0
6722,-13627642.0
6723,104928560.0
6724,95747080.0
6725,2268104.8
6726,47539196.0
6727,12474114.0
6728,17716230.0
6729,20037094.0
6730,48577950.0
6731,-7742378.0
6732,25449740.0
6733,94536390.0
6734,21394022.0
6735,95711880.0
6736,11268416.0
6737,18840150.0
6738,836535.6
6739,36902308.0
6740,2580520.5
6741,25194584.0
6742,15078008.0
6743,149932910.0
6744,82948776.0
6745,7361112.5
6746,101392024.0
6747,11715632.0
6748,2504989.2
6749,3522140.2
6750,-4025491.2
6751,23324624.0
6752,57076996.0
6753,17921922.0
6754,108258730.0
6755,10118644.0
6756,179863790.0
6757,45080000.0
6758,9217162.0
6759,123048690.0
6760,44216936.0
6761,99682800.0
6762,-4681086.0
6763,54367880.0
6764,17200502.0
6765,107926376.0
6766,-885839.7
6767,39366084.0
6768,174541920.0
6769,46936784.0
6770,16249166.0
6771,7803341.0
6772,1104359.4
6773,43520660.0
6774,163915120.0
6775,515863360.0
6776,4294483.5
6777,45029624.0
6778,100722670.0
6779,55881710.0
6780,58359280.0
6781,192498.25
6782,132048350.0
6783,22848142.0
6784,-1804677.6
6785,58121976.0
6786,-4676912.0
6787,32854756.0
6788,-4133547.2
6789,-1041434.1
6790,4048784.0
6791,49927240.0
6792,462429760.0
6793,96292344.0
6794,19488124.0
6795,6446131.0
6796,851410240.0
6797,31952256.0
6798,49389050.0
6799,-12778616.0
6800,103465660.0
6801,170389170.0
6802,10786604.0
6803,133820270.0
6804,5664264.5
6805,95595830.0
6806,10557750.0
6807,51032010.0
6808,15481852.0
6809,71244456.0
6810,14932846.0
6811,129551976.0
6812,28726552.0
6813,122430340.0
6814,9389328.0
6815,15163384.0
6816,34356040.0
6817,5411985.5
6818,-2387631.8
6819,153362500.0
6820,74292970.0
6821,39984892.0
6822,15316784.0
6823,78867670.0
6824,217736670.0
6825,42723856.0
6826,25369752.0
6827,1488989.2
6828,-1743568.6
6829,-7404642.5
6830,-650153.44
6831,72102424.0
6832,18843000.0
6833,21580190.0
6834,20676742.0
6835,156396780.0
6836,4758527.5
6837,186764030.0
6838,2467134.8
6839,16262490.0
6840,30006844.0
6841,7785982.0
6842,7711541.0
6843,13004668.0
6844,89721040.0
6845,28177952.0
6846,67971390.0
6847,17567966.0
6848,39455140.0
6849,10424492.0
6850,78893240.0
6851,175257070.0
6852,4634688.0
6853,24235138.0
6854,26258994.0
6855,47638720.0
6856,-5734346.0
6857,11688396.0
6858,37146948.0
6859,33517076.0
6860,29005862.0
6861,38588092.0
6862,55447616.0
6863,345477540.0
6864,13293230.0
6865,2466434.8
6866,93191720.0
6867,87492104.0
6868,1046423040.0
6869,52196828.0
6870,15770740.0
6871,71156370.0
6872,7694410.5
6873,6488411.5
6874,66641410.0
6875,-5310001.0
6876,41635150.0
6877,32941660.0
6878,11322394.0
6879,5905147.5
6880,2227742.2
6881,14258648.0
6882,115905400.0
6883,62081090.0
6884,57215416.0
6885,18305662.0
6886,7157459.0
6887,54822612.0
6888,101388776.0
6889,8854612.0
6890,27589582.0
6891,18542278.0
6892,151860720.0
6893,198195500.0
6894,42966736.0
6895,4274097.5
6896,37062424.0
6897,-3577138.5
6898,32083808.0
6899,57229140.0
6900,39455636.0
6901,47923296.0
6902,37944816.0
6903,31668220.0
6904,213382000.0
6905,12725460.0
6906,165795460.0
6907,37417340.0
6908,30708530.0
6909,4844759.5
6910,13316062.0
6911,6253441.0
6912,36258204.0
6913,627482000.0
6914,369418980.0
6915,27978510.0
6916,37099600.0
6917,964479100.0
6918,71545210.0
6919,12332896.0
6920,86712770.0
6921,299296960.0
6922,1647088.1
6923,16733834.0
6924,28441218.0
6925,5910563.0
6926,7638123.5
6927,16146048.0
6928,39760116.0
6929,60972372.0
6930,150256560.0
6931,4988152.0
6932,1997808.6
6933,10869382.0
6934,63876240.0
6935,-1652413.4
6936,26128240.0
6937,220371860.0
6938,4005161.5
6939,7994422.0
6940,94425280.0
6941,65644856.0
6942,33063818.0
6943,8102232.0
6944,118686890.0
6945,21715518.0
6946,80858550.0
6947,7366250.0
6948,66357988.0
6949,184889550.0
6950,396501060.0
6951,11064818.0
6952,9266840.0
6953,46501932.0
6954,25287748.0
6955,106488040.0
6956,9964400.0
6957,2692903.5
6958,-2279450.5
6959,9839498.0
6960,22602916.0
6961,46722580.0
6962,216520530.0
6963,17028354.0
6964,32977010.0
6965,1616403.2
6966,129707970.0
6967,229999570.0
6968,14748666.0
6969,-7798448.5
6970,32820022.0
6971,136419620.0
6972,-6380748.5
6973,58284640.0
6974,64629384.0
6975,20545680.0
6976,37927948.0
6977,7372608.0
6978,17500132.0
6979,84776750.0
6980,26648414.0
6981,8040055.0
6982,105793600.0
6983,2184209.2
6984,132320264.0
6985,258865140.0
6986,58373070.0
6987,-1597978.0
6988,34875400.0
6989,24870728.0
6990,511331040.0
6991,-3023565.2
6992,4691692.5
6993,11990226.0
6994,290895.78
6995,60293930.0
6996,84587780.0
6997,-3675794.2
6998,24863054.0
6999,119858584.0
7000,7886383.0
7001,14537046.0
7002,8454826.0
7003,24076270.0
7004,24813406.0
7005,11930000.0
7006,-5941615.5
7007,30253098.0
7008,89592250.0
7009,58861984.0
7010,39737772.0
7011,-2810429.8
7012,8294081.0
7013,-829034.3
7014,-1310969.8
7015,160304510.0
7016,292214720.0
7017,59632790.0
7018,48694892.0
7019,64821924.0
7020,75186960.0
7021,24621444.0
7022,118090856.0
7023,102120800.0
7024,17032592.0
7025,10913708.0
7026,130162140.0
7027,107310800.0
7028,-5767148.0
7029,81736640.0
7030,35853864.0
7031,105099176.0
7032,50229120.0
7033,16825756.0
7034,49601210.0
7035,27045416.0
7036,3542641.5
7037,36341796.0
7038,36483492.0
7039,82717400.0
7040,14689586.0
7041,62896732.0
7042,149718500.0
7043,29641568.0
7044,40188388.0
7045,32298066.0
7046,117232720.0
7047,287111680.0
7048,12780934.0
7049,51971904.0
7050,3638726.0
7051,37101428.0
7052,84935880.0
7053,14801458.0
7054,39363260.0
7055,97073490.0
7056,419449600.0
7057,67358260.0
7058,-1517612.9
7059,19698770.0
7060,28505148.0
7061,63953864.0
7062,95199250.0
7063,-8630336.0
7064,181546880.0
7065,44870176.0
7066,-13121240.0
7067,10330830.0
7068,100388230.0
7069,39448450.0
7070,282477440.0
7071,236052540.0
7072,2716664.0
7073,37248584.0
7074,20992110.0
7075,48781492.0
7076,72409750.0
7077,29249994.0
7078,81277090.0
7079,-427581.2
7080,20499480.0
7081,8468882.0
7082,11878568.0
7083,3965175.5
7084,96899800.0
7085,21291362.0
7086,25227874.0
7087,157131250.0
7088,89259250.0
7089,12527174.0
7090,2012655.5
7091,17731332.0
7092,210342830.0
7093,29755388.0
7094,65805650.0
7095,6610825.0
7096,-9416076.0
7097,167928320.0
7098,56179220.0
7099,91748280.0
7100,29092242.0
7101,79507010.0
7102,6062522.0
7103,29976248.0
7104,29952204.0
7105,66967476.0
7106,56726300.0
7107,68491740.0
7108,-1384069.1
7109,75398830.0
7110,-2561376.8
7111,12761220.0
7112,154967780.0
7113,80480024.0
7114,9661704.0
7115,14160676.0
7116,4710916.0
7117,-6285785.0
7118,46996836.0
7119,73086120.0
7120,-3103213.8
7121,28686982.0
7122,349075.28
7123,5660789.5
7124,634556740.0
7125,-1116258.6
7126,283915460.0
7127,62631308.0
7128,13262900.0
7129,21278062.0
7130,14077916.0
7131,78798770.0
7132,28252442.0
7133,107151430.0
7134,103114040.0
7135,85060940.0
7136,59879676.0
7137,17374328.0
7138,33672910.0
7139,-8059638.0
7140,146506050.0
7141,-3631556.5
7142,8455270.0
7143,60946572.0
7144,38054290.0
7145,22029334.0
7146,6191591.5
7147,53612184.0
7148,78001000.0
7149,-5711933.5
7150,15166416.0
7151,85941920.0
7152,56531620.0
7153,16986298.0
7154,53167624.0
7155,148046780.0
7156,10490592.0
7157,84260920.0
7158,15741848.0
7159,1129882.2
7160,-1745939.4
7161,60237040.0
7162,293418460.0
7163,29334162.0
7164,5933607.0
7165,97667624.0
7166,37348956.0
7167,-1719939.6
7168,31600502.0
7169,-4311202.0
7170,35644796.0
7171,28889148.0
7172,1472314.6
7173,72690344.0
7174,12959646.0
7175,4804136.0
7176,35703828.0
7177,75331760.0
7178,31259858.0
7179,121366190.0
7180,10957040.0
7181,10659994.0
7182,59742400.0
7183,3714488.0
7184,900804400.0
7185,11628318.0
7186,54380740.0
7187,79166710.0
7188,113961620.0
7189,400883.6
7190,13472960.0
7191,4394596.5
7192,33453644.0
7193,24759134.0
7194,436424600.0
7195,18238470.0
7196,38838664.0
7197,26523010.0
7198,4845509.0
7199,14599054.0
7200,41452976.0
7201,19012508.0
7202,37959216.0
7203,7106357.5
7204,86455730.0
7205,257722130.0
7206,117306620.0
7207,596799400.0
7208,22048014.0
7209,3680904.8
7210,-9140446.0
7211,13559156.0
7212,44075704.0
7213,51402420.0
7214,387668480.0
7215,106826270.0
7216,138263950.0
7217,-5891315.0
7218,22013498.0
7219,5584051.0
7220,63881150.0
7221,11185812.0
7222,125313570.0
7223,8810684.0
7224,7853826.0
7225,-2192202.2
7226,166319570.0
7227,68738880.0
7228,408927.72
7229,34076404.0
7230,13206760.0
7231,14455904.0
7232,300386140.0
7233,334982700.0
7234,269595040.0
7235,38675264.0
7236,108803740.0
7237,14869006.0
7238,6500919.5
7239,1128270700.0
7240,25644486.0
7241,220975330.0
7242,65795220.0
7243,38403730.0
7244,40745010.0
7245,-3408209.8
7246,50011304.0
7247,122934600.0
7248,50308756.0
7249,12332568.0
7250,1189276.9
7251,55515284.0
7252,10204448.0
7253,21012830.0
7254,93558640.0
7255,2661023.8
7256,23198544.0
7257,-373061.47
7258,26837028.0
7259,7916185.5
7260,5045372.0
7261,408546980.0
7262,6976852.0
7263,29886784.0
7264,9904338.0
7265,9586570.0
7266,26091756.0
7267,-9681052.0
7268,406221.53
7269,140665540.0
7270,319241470.0
7271,7061083.5
7272,57750716.0
7273,-5587101.5
7274,10934392.0
7275,36029244.0
7276,9776772.0
7277,211389010.0
7278,346113200.0
7279,358990660.0
7280,119025976.0
7281,78345200.0
7282,67007628.0
7283,214575420.0
7284,-3995670.5
7285,40951800.0
7286,350824480.0
7287,18588732.0
7288,-3067117.0
7289,206620640.0
7290,27112128.0
7291,14837418.0
7292,7715459.5
7293,18279718.0
7294,21758248.0
7295,65723480.0
7296,-3858111.2
7297,55273884.0
7298,11621442.0
7299,2564103.2
7300,-278263.28
7301,26744330.0
7302,10160264.0
7303,-1079223.4
7304,21364958.0
7305,-2798436.5
7306,580386300.0
7307,10970060.0
7308,765583.06
7309,-4463329.5
7310,4354017.0
7311,15625316.0
7312,116283784.0
7313,211522720.0
7314,39499016.0
7315,4241044.0
7316,19523556.0
7317,24633788.0
7318,106622630.0
7319,33298436.0
7320,215024370.0
7321,-12374722.0
7322,10162922.0
7323,56746144.0
7324,24335026.0
7325,316413660.0
7326,320937400.0
7327,-13281434.0
7328,59029910.0
7329,185534060.0
7330,328952030.0
7331,98086520.0
7332,94799016.0
7333,81087510.0
7334,28481122.0
7335,57649760.0
7336,74595784.0
7337,-1156975.2
7338,64372750.0
7339,73311040.0
7340,6489273.5
7341,-5465184.5
7342,86627700.0
7343,4700025.5
7344,21399562.0
7345,11997520.0
7346,9921552.0
7347,-457859.47
7348,10106716.0
7349,85269600.0
7350,66636780.0
7351,65092720.0
7352,7211993.0
7353,-10283694.0
7354,-3709750.2
7355,31282298.0
7356,56115200.0
7357,-19533080.0
7358,327247.3
7359,39751684.0
7360,47464490.0
7361,-1124064.9
7362,154211280.0
7363,664906600.0
7364,10455846.0
7365,92292050.0
7366,44666016.0
7367,5322886.0
7368,14863216.0
7369,47916180.0
7370,19103246.0
7371,3685137.5
7372,95071280.0
7373,422771360.0
7374,61605580.0
7375,154736800.0
7376,-665009.25
7377,31836974.0
7378,210364420.0
7379,43821000.0
7380,16118154.0
7381,11747896.0
7382,2852539.2
7383,-3343174.8
7384,26248652.0
7385,53469116.0
7386,49744264.0
7387,20002144.0
7388,15769402.0
7389,12110378.0
7390,1541875.2
7391,13802768.0
7392,36921430.0
7393,747922000.0
7394,39837960.0
7395,2432090.5
7396,55928696.0
7397,86190400.0
7398,-5309957.5
